{"TotalTrials": 94, "TrialOrder": [91, 28, 57, 92, 29, 79, 39, 61, 52, 71, 87, 37, 70, 65, 81, 3, 43, 69, 90, 68, 7, 0, 93, 55, 44, 10, 77, 24, 58, 63, 50, 66, 33, 17, 41, 59, 9, 11, 30, 15, 1, 54, 18, 86, 62, 78, 42, 12, 4, 89, 21, 14, 64, 75, 36, 53, 31, 67, 88, 13, 34, 25, 49, 40, 72, 60, 6, 8, 48, 19, 45, 20, 84, 73, 23, 76, 22, 38, 5, 2, 85, 26, 35, 51, 27, 82, 80, 32, 46, 47, 74, 56, 83, 16], "TrialsCompleted": 22, "TaskMessages": [["Fixation loaded.", 0.6245308000070509], ["Fixation loaded.", 0.5922083000186831], ["Stimulus loaded.", 10.004359200014733], ["Fixation loaded.", 12.185137299995404], ["Stimulus loaded.", 20.936220300005516], ["Fixation loaded.", 23.051546600006986], ["Stimulus loaded.", 27.795390400016913], ["Fixation loaded.", 29.961618900008034], ["Stimulus loaded.", 30.774782399996184], ["Fixation loaded.", 32.94310780000524], ["Stimulus loaded.", 33.4231350000191], ["Fixation loaded.", 35.5343599000189], ["Stimulus loaded.", 35.94987780001247], ["Fixation loaded.", 38.05950760000269], ["Observer force quit the experiment on trial 6", 44.111682799994014], ["Fixation loaded.", 0.5995438999962062], ["Observer force quit the experiment on trial 6", 14.248281799984397], ["Fixation loaded.", 0.5640411999775097], ["Observer force quit the experiment on trial 6", 20.293759899999714], ["Fixation loaded.", 0.5851569999940693], ["Observer force quit the experiment on trial 6", 26.370315899985144], ["Fixation loaded.", 0.6129750999971293], ["Observer force quit the experiment on trial 6", 28.430083899991587], ["Fixation loaded.", 0.6244507000083104], ["Fixation loaded.", 0.5843557000043802], ["Stimulus loaded.", 1.3881203999917489], ["Fixation loaded.", 3.5933032000029925], ["Stimulus loaded.", 5.186787699989509], ["Fixation loaded.", 7.310361899988493], ["Stimulus loaded.", 8.43163989999448], ["Fixation loaded.", 10.526884599996265], ["Stimulus loaded.", 12.201531200000318], ["Fixation loaded.", 14.359659399982775], ["Stimulus loaded.", 15.719013699999778], ["Fixation loaded.", 17.86876700000721], ["Stimulus loaded.", 21.397792100004153], ["Fixation loaded.", 23.61807779999799], ["Stimulus loaded.", 25.15141789999325], ["Fixation loaded.", 27.24348239999381], ["Stimulus loaded.", 28.61442359999637], ["Fixation loaded.", 30.743384400004288], ["Stimulus loaded.", 31.681923199997982], ["Fixation loaded.", 33.826523499999894], ["Stimulus loaded.", 34.43946570000844], ["Fixation loaded.", 36.55955780000659], ["Stimulus loaded.", 36.615253900003154], ["Fixation loaded.", 38.72741479999968], ["Stimulus loaded.", 39.65149059999385], ["Fixation loaded.", 41.7597545000026], ["Stimulus loaded.", 42.29960490000667], ["Fixation loaded.", 44.45131189998938], ["Stimulus loaded.", 45.05106500000693], ["Fixation loaded.", 47.2015434000059], ["Stimulus loaded.", 47.68219749999116], ["Fixation loaded.", 49.85239809998893], ["Stimulus loaded.", 50.257604599988554], ["Fixation loaded.", 52.36797419999493], ["Observer force quit the experiment on trial 22", 53.41771320000407]]}